OrderID,CustomerID,OrderDate,ShippingDate,ExpectedDeliveryDate,ActualDeliveryDate,ShippingTierID,SupplierID,OrderChannel
OR-000001,CUST-08966,2012-08-02 21:30:00+00:00,2012-08-06 14:55:00+00:00,2012-08-26 10:43:00+00:00,2012-08-12 05:30:00+00:00,SHP-003,SUP-09,Online
OR-000002,CUST-14479,2023-11-16 17:08:00+00:00,2023-11-21 18:29:00+00:00,2023-12-09 05:30:00+00:00,2023-11-23 13:29:00+00:00,SHP-002,SUP-07,Online
OR-000003,CUST-18666,2013-03-07 08:07:00+00:00,2013-03-07 08:12:00+00:00,2013-03-07 08:27:00+00:00,2013-03-07 08:35:00+00:00,SHP-004,SUP-08,Retail PoS
OR-000004,CUST-01024,2023-09-13 06:02:00+00:00,2023-09-13 06:07:00+00:00,2023-09-13 06:29:00+00:00,2023-09-13 06:27:00+00:00,SHP-004,SUP-10,Retail PoS
OR-000005,CUST-19893,2024-01-01 02:31:00+00:00,2024-01-07 04:32:00+00:00,2024-01-16 10:17:00+00:00,2024-02-14 15:42:00+00:00,SHP-001,SUP-05,Online
OR-000006,CUST-07459,2023-12-15 11:56:00+00:00,2023-12-23 04:49:00+00:00,2023-12-28 02:39:00+00:00,2023-12-26 00:11:00+00:00,SHP-001,SUP-09,Online
OR-000007,CUST-14485,2024-03-11 23:35:00+00:00,2024-03-19 20:19:00+00:00,2024-03-20 16:32:00+00:00,2024-03-20 05:54:00+00:00,SHP-002,SUP-10,Online
OR-000008,CUST-17743,2022-11-09 10:30:00+00:00,2022-11-18 06:01:00+00:00,2022-12-06 19:55:00+00:00,2022-11-23 10:43:00+00:00,SHP-002,SUP-03,Online
OR-000009,CUST-01215,2023-10-23 23:40:00+00:00,2023-10-23 23:49:00+00:00,2023-10-24 00:01:00+00:00,2023-10-24 00:12:00+00:00,SHP-004,SUP-07,Retail PoS
OR-000010,CUST-09049,2023-07-10 20:36:00+00:00,2023-07-12 17:44:00+00:00,2023-07-24 16:24:00+00:00,2023-08-22 10:22:00+00:00,SHP-002,SUP-10,Online
OR-000011,CUST-17266,2019-07-18 18:13:00+00:00,2019-07-18 18:18:00+00:00,2019-07-18 18:37:00+00:00,2019-07-18 18:29:00+00:00,SHP-004,SUP-03,Retail PoS
OR-000012,CUST-05611,2024-01-07 13:54:00+00:00,2024-01-07 14:01:00+00:00,2024-01-07 14:15:00+00:00,2024-01-07 14:11:00+00:00,SHP-004,SUP-02,Retail PoS
OR-000013,CUST-05422,2017-07-05 08:41:00+00:00,2017-07-15 05:33:00+00:00,2017-07-18 20:05:00+00:00,2017-07-16 15:38:00+00:00,SHP-002,SUP-01,Online
OR-000014,CUST-14383,2022-12-29 23:52:00+00:00,2023-01-07 07:06:00+00:00,2023-01-27 20:43:00+00:00,2023-02-13 01:42:00+00:00,SHP-001,SUP-07,Online
OR-000015,CUST-00422,2024-03-11 06:18:00+00:00,2024-03-11 06:25:00+00:00,2024-03-11 06:41:00+00:00,2024-03-11 06:53:00+00:00,SHP-004,SUP-09,Retail PoS
OR-000016,CUST-08290,2021-12-11 02:18:00+00:00,2021-12-11 02:24:00+00:00,2021-12-11 02:45:00+00:00,2021-12-11 02:58:00+00:00,SHP-004,SUP-05,Retail PoS
OR-000017,CUST-17315,2022-12-26 12:20:00+00:00,2022-12-29 13:14:00+00:00,2023-01-09 03:18:00+00:00,2023-02-07 08:39:00+00:00,SHP-003,SUP-03,Online
OR-000018,CUST-06139,2016-12-12 02:53:00+00:00,2016-12-14 05:05:00+00:00,2017-01-01 22:19:00+00:00,2016-12-27 22:35:00+00:00,SHP-003,SUP-08,Online
OR-000019,CUST-12898,2017-06-13 11:09:00+00:00,2017-06-20 02:49:00+00:00,2017-07-04 05:15:00+00:00,2017-06-26 08:56:00+00:00,SHP-002,SUP-05,Online
OR-000020,CUST-17222,2024-06-07 02:54:00+00:00,2024-06-13 14:59:00+00:00,2024-06-23 23:37:00+00:00,2024-06-21 11:38:00+00:00,SHP-002,SUP-06,Online
OR-000021,CUST-19404,2024-03-12 04:32:00+00:00,2024-03-17 15:12:00+00:00,2024-03-29 21:25:00+00:00,2024-03-27 10:57:00+00:00,SHP-003,SUP-06,Online
OR-000022,CUST-16656,2020-07-11 13:08:00+00:00,2020-07-14 05:24:00+00:00,2020-07-16 07:55:00+00:00,2020-07-15 05:43:00+00:00,SHP-002,SUP-09,Online
OR-000023,CUST-10567,2021-06-10 05:19:00+00:00,2021-06-15 11:00:00+00:00,2021-07-04 22:53:00+00:00,2021-06-17 13:10:00+00:00,SHP-002,SUP-02,Online
OR-000024,CUST-02133,2024-06-07 11:41:00+00:00,2024-06-15 00:24:00+00:00,2024-06-15 06:14:00+00:00,2024-06-15 01:34:00+00:00,SHP-002,SUP-10,Online
OR-000025,CUST-19285,2015-10-05 17:41:00+00:00,2015-10-08 13:55:00+00:00,2015-10-16 15:41:00+00:00,2015-11-02 23:32:00+00:00,SHP-001,SUP-10,Online
OR-000026,CUST-10585,2024-06-12 12:24:00+00:00,2024-06-16 17:59:00+00:00,2024-07-07 01:26:00+00:00,2024-07-30 17:21:00+00:00,SHP-003,SUP-08,Online
OR-000027,CUST-06137,2023-02-23 07:54:00+00:00,2023-03-01 21:40:00+00:00,2023-03-18 16:40:00+00:00,2023-03-20 22:58:00+00:00,SHP-002,SUP-07,Online
OR-000028,CUST-01938,2021-10-26 18:25:00+00:00,2021-10-27 20:28:00+00:00,2021-10-30 04:41:00+00:00,2021-10-29 07:06:00+00:00,SHP-001,SUP-02,Online
OR-000029,CUST-08027,2023-06-03 03:59:00+00:00,2023-06-06 02:36:00+00:00,2023-06-09 05:16:00+00:00,2023-06-07 14:05:00+00:00,SHP-003,SUP-02,Online
OR-000030,CUST-02683,2022-03-15 06:07:00+00:00,2022-03-20 02:21:00+00:00,2022-04-01 03:28:00+00:00,2022-04-25 16:28:00+00:00,SHP-002,SUP-10,Online
OR-000031,CUST-12533,2023-08-27 16:26:00+00:00,2023-08-27 16:32:00+00:00,2023-08-27 16:48:00+00:00,2023-08-27 17:00:00+00:00,SHP-004,SUP-01,Retail PoS
OR-000032,CUST-05848,2022-05-05 16:09:00+00:00,2022-05-09 19:54:00+00:00,2022-05-21 12:26:00+00:00,2022-06-11 23:19:00+00:00,SHP-002,SUP-10,Online
OR-000033,CUST-15816,2022-07-15 03:43:00+00:00,2022-07-15 03:50:00+00:00,2022-07-15 04:05:00+00:00,2022-07-15 03:58:00+00:00,SHP-004,SUP-04,Retail PoS
OR-000034,CUST-05678,2024-06-02 00:51:00+00:00,2024-06-02 00:56:00+00:00,2024-06-02 01:18:00+00:00,2024-06-02 01:26:00+00:00,SHP-004,SUP-07,Retail PoS
OR-000035,CUST-12171,2022-03-11 08:58:00+00:00,2022-03-19 17:45:00+00:00,2022-03-28 13:30:00+00:00,2022-03-23 19:57:00+00:00,SHP-001,SUP-09,Online
OR-000036,CUST-19796,2011-11-11 20:55:00+00:00,2011-11-13 01:34:00+00:00,2011-11-24 15:06:00+00:00,2011-12-14 04:30:00+00:00,SHP-002,SUP-03,Online
OR-000037,CUST-10795,2023-11-08 19:38:00+00:00,2023-11-12 00:34:00+00:00,2023-11-29 10:38:00+00:00,2023-12-20 00:19:00+00:00,SHP-002,SUP-07,Online
OR-000038,CUST-08385,2024-06-02 00:52:00+00:00,2024-06-03 08:36:00+00:00,2024-06-23 13:13:00+00:00,2024-06-07 22:37:00+00:00,SHP-003,SUP-05,Online
OR-000039,CUST-15479,2020-08-30 04:20:00+00:00,2020-09-03 13:23:00+00:00,2020-09-10 08:51:00+00:00,2020-09-05 10:47:00+00:00,SHP-003,SUP-04,Online
OR-000040,CUST-09549,2024-01-22 09:07:00+00:00,2024-01-26 14:29:00+00:00,2024-02-13 02:35:00+00:00,2024-03-01 01:42:00+00:00,SHP-002,SUP-07,Online
OR-000041,CUST-06307,2023-05-14 14:19:00+00:00,2023-05-14 14:29:00+00:00,2023-05-14 14:44:00+00:00,2023-05-14 14:57:00+00:00,SHP-004,SUP-01,Retail PoS
OR-000042,CUST-04515,2020-10-08 23:15:00+00:00,2020-10-11 00:57:00+00:00,2020-10-24 13:36:00+00:00,2020-10-21 23:11:00+00:00,SHP-005,SUP-01,Retail PoS
OR-000043,CUST-03476,2024-06-15 13:04:00+00:00,2024-06-15 13:12:00+00:00,2024-06-15 13:27:00+00:00,2024-06-15 13:34:00+00:00,SHP-004,SUP-08,Retail PoS
OR-000044,CUST-11344,2024-03-11 16:26:00+00:00,2024-03-13 01:48:00+00:00,2024-03-24 16:43:00+00:00,2024-03-15 06:59:00+00:00,SHP-002,SUP-08,Online
OR-000045,CUST-15351,2021-12-14 03:22:00+00:00,2021-12-14 03:32:00+00:00,2021-12-14 03:49:00+00:00,2021-12-14 03:57:00+00:00,SHP-004,SUP-05,Retail PoS
OR-000046,CUST-10093,2019-01-22 11:23:00+00:00,2019-01-23 18:40:00+00:00,2019-01-26 16:27:00+00:00,2019-01-25 09:46:00+00:00,SHP-003,SUP-04,Online
OR-000047,CUST-14289,2023-05-27 05:56:00+00:00,2023-06-02 23:23:00+00:00,2023-06-16 18:12:00+00:00,2023-06-06 13:29:00+00:00,SHP-002,SUP-06,Online
OR-000048,CUST-16364,2024-06-14 06:28:00+00:00,2024-06-18 07:21:00+00:00,2024-06-26 19:27:00+00:00,2024-06-21 07:01:00+00:00,SHP-001,SUP-10,Online
OR-000049,CUST-03954,2024-04-25 05:17:00+00:00,2024-04-30 17:21:00+00:00,2024-05-01 22:38:00+00:00,2024-05-01 12:11:00+00:00,SHP-001,SUP-01,Online
OR-000050,CUST-02936,2021-03-10 15:11:00+00:00,2021-03-10 15:21:00+00:00,2021-03-10 15:40:00+00:00,2021-03-10 15:40:00+00:00,SHP-004,SUP-08,Retail PoS
OR-000051,CUST-05814,2017-08-27 07:32:00+00:00,2017-08-27 07:39:00+00:00,2017-08-27 08:00:00+00:00,2017-08-27 07:54:00+00:00,SHP-004,SUP-03,Retail PoS
OR-000052,CUST-08199,2016-11-03 19:38:00+00:00,2016-11-08 04:14:00+00:00,2016-11-23 00:15:00+00:00,2016-11-15 11:36:00+00:00,SHP-002,SUP-02,Online
OR-000053,CUST-00678,2019-02-24 18:04:00+00:00,2019-03-01 07:08:00+00:00,2019-03-09 02:37:00+00:00,2019-03-10 05:16:00+00:00,SHP-003,SUP-06,Online
OR-000054,CUST-15423,2013-12-29 00:01:00+00:00,2014-01-01 14:14:00+00:00,2014-01-07 09:04:00+00:00,2014-01-04 03:59:00+00:00,SHP-001,SUP-06,Online
OR-000055,CUST-01240,2020-09-07 03:55:00+00:00,2020-09-17 01:24:00+00:00,2020-10-07 16:45:00+00:00,2020-09-26 20:58:00+00:00,SHP-002,SUP-04,Online
OR-000056,CUST-00136,2008-08-18 05:40:00+00:00,2008-08-18 05:46:00+00:00,2008-08-18 06:02:00+00:00,2008-08-18 06:04:00+00:00,SHP-004,SUP-02,Retail PoS
OR-000057,CUST-00273,2023-07-30 11:23:00+00:00,2023-07-30 11:33:00+00:00,2023-07-30 11:43:00+00:00,2023-07-30 11:51:00+00:00,SHP-004,SUP-10,Retail PoS
OR-000058,CUST-15773,2023-06-23 13:51:00+00:00,2023-06-30 10:47:00+00:00,2023-07-10 13:35:00+00:00,2023-07-08 07:11:00+00:00,SHP-002,SUP-02,Online
OR-000059,CUST-10162,2023-02-26 11:13:00+00:00,2023-02-27 17:59:00+00:00,2023-03-04 02:51:00+00:00,2023-03-21 04:01:00+00:00,SHP-003,SUP-09,Online
OR-000060,CUST-10753,2023-03-08 12:43:00+00:00,2023-03-15 14:45:00+00:00,2023-03-26 12:51:00+00:00,2023-03-21 10:59:00+00:00,SHP-003,SUP-06,Online
OR-000061,CUST-15537,2022-09-01 14:53:00+00:00,2022-09-07 11:30:00+00:00,2022-09-20 07:11:00+00:00,2022-09-16 04:43:00+00:00,SHP-002,SUP-01,Online
OR-000062,CUST-07370,2020-06-10 02:55:00+00:00,2020-06-13 07:07:00+00:00,2020-06-25 08:29:00+00:00,2020-07-22 08:36:00+00:00,SHP-002,SUP-10,Online
OR-000063,CUST-09395,2023-02-12 01:21:00+00:00,2023-02-20 15:43:00+00:00,2023-03-07 06:36:00+00:00,2023-03-25 12:00:00+00:00,SHP-003,SUP-03,Online
OR-000064,CUST-18836,2023-08-31 19:54:00+00:00,2023-09-10 22:01:00+00:00,2023-09-15 00:31:00+00:00,2023-09-12 22:06:00+00:00,SHP-003,SUP-09,Online
OR-000065,CUST-09524,2021-09-14 22:27:00+00:00,2021-09-20 09:05:00+00:00,2021-09-29 18:36:00+00:00,2021-09-29 07:39:00+00:00,SHP-001,SUP-09,Online
OR-000066,CUST-15443,2010-10-17 16:05:00+00:00,2010-10-21 23:53:00+00:00,2010-11-02 15:15:00+00:00,2010-10-29 21:34:00+00:00,SHP-003,SUP-03,Online
OR-000067,CUST-04486,2020-12-04 03:22:00+00:00,2020-12-04 03:30:00+00:00,2020-12-04 03:45:00+00:00,2020-12-04 03:46:00+00:00,SHP-004,SUP-08,Retail PoS
OR-000068,CUST-06238,2019-04-11 06:06:00+00:00,2019-04-15 15:31:00+00:00,2019-04-20 21:12:00+00:00,2019-04-25 10:27:00+00:00,SHP-002,SUP-01,Online
OR-000069,CUST-19343,2023-08-20 12:43:00+00:00,2023-08-20 12:49:00+00:00,2023-08-20 13:06:00+00:00,2023-08-20 13:03:00+00:00,SHP-004,SUP-06,Retail PoS
OR-000070,CUST-02969,2010-11-26 19:15:00+00:00,2010-11-26 19:22:00+00:00,2010-11-26 19:44:00+00:00,2010-11-26 19:33:00+00:00,SHP-004,SUP-01,Retail PoS
OR-000071,CUST-10397,2024-03-21 18:12:00+00:00,2024-03-29 00:31:00+00:00,2024-04-17 10:47:00+00:00,2024-05-17 19:43:00+00:00,SHP-003,SUP-04,Online
OR-000072,CUST-15363,2021-03-22 15:14:00+00:00,2021-03-26 09:42:00+00:00,2021-04-05 16:00:00+00:00,2021-04-01 20:09:00+00:00,SHP-002,SUP-05,Online
OR-000073,CUST-04964,2017-06-07 22:30:00+00:00,2017-06-18 06:39:00+00:00,2017-06-21 21:53:00+00:00,2017-06-21 01:01:00+00:00,SHP-003,SUP-06,Online
OR-000074,CUST-11214,2023-02-26 11:36:00+00:00,2023-03-05 10:12:00+00:00,2023-03-06 06:10:00+00:00,2023-03-06 02:05:00+00:00,SHP-003,SUP-08,Online
OR-000075,CUST-16309,2017-08-11 01:11:00+00:00,2017-08-11 01:17:00+00:00,2017-08-11 01:41:00+00:00,2017-08-11 01:30:00+00:00,SHP-004,SUP-03,Retail PoS
OR-000076,CUST-07468,2024-02-05 23:49:00+00:00,2024-02-05 23:57:00+00:00,2024-02-06 00:13:00+00:00,2024-02-06 00:12:00+00:00,SHP-004,SUP-06,Retail PoS
OR-000077,CUST-00352,2020-08-17 02:27:00+00:00,2020-08-17 02:35:00+00:00,2020-08-17 02:56:00+00:00,2020-08-17 02:59:00+00:00,SHP-004,SUP-01,Retail PoS
OR-000078,CUST-04973,2010-07-05 01:42:00+00:00,2010-07-11 14:49:00+00:00,2010-07-21 08:11:00+00:00,2010-07-12 15:34:00+00:00,SHP-001,SUP-07,Online
OR-000079,CUST-03229,2023-06-13 12:30:00+00:00,2023-06-23 11:35:00+00:00,2023-06-25 07:25:00+00:00,2023-07-14 18:46:00+00:00,SHP-002,SUP-05,Online
OR-000080,CUST-16623,2022-12-08 19:45:00+00:00,2022-12-17 21:16:00+00:00,2023-01-07 07:30:00+00:00,2022-12-29 14:30:00+00:00,SHP-003,SUP-03,Online
OR-000081,CUST-12256,2018-07-27 16:05:00+00:00,2018-07-27 16:11:00+00:00,2018-07-27 16:25:00+00:00,2018-07-27 16:40:00+00:00,SHP-004,SUP-08,Retail PoS
OR-000082,CUST-10404,2024-03-01 21:04:00+00:00,2024-03-01 21:09:00+00:00,2024-03-01 21:34:00+00:00,2024-03-01 21:36:00+00:00,SHP-004,SUP-06,Retail PoS
OR-000083,CUST-09024,2024-04-16 14:01:00+00:00,2024-04-24 20:38:00+00:00,2024-05-11 15:03:00+00:00,2024-05-05 03:18:00+00:00,SHP-003,SUP-03,Online
OR-000084,CUST-18053,2023-12-15 20:32:00+00:00,2023-12-20 00:44:00+00:00,2024-01-04 01:56:00+00:00,2023-12-30 21:17:00+00:00,SHP-003,SUP-05,Online
OR-000085,CUST-03787,2023-07-08 02:31:00+00:00,2023-07-09 14:30:00+00:00,2023-07-15 06:42:00+00:00,2023-07-14 11:04:00+00:00,SHP-005,SUP-04,Retail PoS
OR-000086,CUST-02218,2019-07-30 15:49:00+00:00,2019-07-30 15:58:00+00:00,2019-07-30 16:18:00+00:00,2019-07-30 16:09:00+00:00,SHP-004,SUP-08,Retail PoS
OR-000087,CUST-12942,2019-06-05 09:40:00+00:00,2019-06-13 03:24:00+00:00,2019-06-25 06:57:00+00:00,2019-06-16 11:56:00+00:00,SHP-003,SUP-09,Online
OR-000088,CUST-00430,2023-08-17 06:16:00+00:00,2023-08-23 18:23:00+00:00,2023-08-29 15:24:00+00:00,2023-08-25 11:40:00+00:00,SHP-002,SUP-07,Online
OR-000089,CUST-13467,2023-05-22 23:26:00+00:00,2023-05-27 17:21:00+00:00,2023-06-06 01:10:00+00:00,2023-05-29 18:14:00+00:00,SHP-003,SUP-06,Online
OR-000090,CUST-19646,2022-03-09 14:46:00+00:00,2022-03-20 00:18:00+00:00,2022-03-24 04:18:00+00:00,2022-03-23 23:59:00+00:00,SHP-002,SUP-10,Online
OR-000091,CUST-17104,2021-09-06 20:49:00+00:00,2021-09-06 20:58:00+00:00,2021-09-06 21:10:00+00:00,2021-09-06 21:16:00+00:00,SHP-004,SUP-06,Retail PoS
OR-000092,CUST-05142,2022-01-07 11:26:00+00:00,2022-01-10 08:50:00+00:00,2022-01-18 19:36:00+00:00,2022-01-12 08:04:00+00:00,SHP-002,SUP-01,Online
OR-000093,CUST-16655,2024-01-01 14:05:00+00:00,2024-01-01 14:12:00+00:00,2024-01-01 14:32:00+00:00,2024-01-01 14:36:00+00:00,SHP-004,SUP-02,Retail PoS
OR-000094,CUST-13913,2020-03-23 17:54:00+00:00,2020-03-23 18:04:00+00:00,2020-03-23 18:24:00+00:00,2020-03-23 18:27:00+00:00,SHP-004,SUP-05,Retail PoS
OR-000095,CUST-00918,2020-07-28 00:23:00+00:00,2020-07-28 00:31:00+00:00,2020-07-28 00:46:00+00:00,2020-07-28 01:00:00+00:00,SHP-004,SUP-06,Retail PoS
OR-000096,CUST-19699,2023-02-14 19:44:00+00:00,2023-02-15 23:50:00+00:00,2023-03-03 16:25:00+00:00,2023-02-22 14:48:00+00:00,SHP-003,SUP-02,Online
OR-000097,CUST-04901,2023-10-21 01:18:00+00:00,2023-10-30 05:18:00+00:00,2023-11-01 11:11:00+00:00,2023-10-31 10:47:00+00:00,SHP-003,SUP-02,Online
OR-000098,CUST-08164,2001-10-07 23:41:00+00:00,2001-10-11 12:44:00+00:00,2001-10-30 12:32:00+00:00,2001-10-15 19:16:00+00:00,SHP-003,SUP-01,Online
OR-000099,CUST-13746,2024-04-11 08:14:00+00:00,2024-04-11 08:23:00+00:00,2024-04-11 08:39:00+00:00,2024-04-11 08:44:00+00:00,SHP-004,SUP-05,Retail PoS
OR-000100,CUST-05340,2023-10-01 12:58:00+00:00,2023-10-05 10:49:00+00:00,2023-10-11 14:16:00+00:00,2023-11-02 22:51:00+00:00,SHP-003,SUP-09,Online
OR-000101,CUST-02337,2020-02-04 04:28:00+00:00,2020-02-14 21:19:00+00:00,2020-02-26 13:21:00+00:00,2020-02-16 12:45:00+00:00,SHP-001,SUP-06,Online
OR-000102,CUST-02197,2022-04-05 23:38:00+00:00,2022-04-12 19:40:00+00:00,2022-04-13 12:40:00+00:00,2022-04-13 09:12:00+00:00,SHP-002,SUP-04,Online
OR-000103,CUST-07105,2010-08-31 14:12:00+00:00,2010-08-31 14:21:00+00:00,2010-08-31 14:41:00+00:00,2010-08-31 14:32:00+00:00,SHP-004,SUP-09,Retail PoS
OR-000104,CUST-07831,2024-06-07 09:29:00+00:00,2024-06-07 09:39:00+00:00,2024-06-07 09:59:00+00:00,2024-06-07 10:08:00+00:00,SHP-004,SUP-06,Retail PoS
OR-000105,CUST-03178,2024-04-05 11:00:00+00:00,2024-04-06 18:25:00+00:00,2024-04-11 02:56:00+00:00,2024-04-07 23:24:00+00:00,SHP-002,SUP-04,Online
OR-000106,CUST-07930,2024-04-16 21:21:00+00:00,2024-04-19 09:46:00+00:00,2024-05-05 04:22:00+00:00,2024-05-01 02:30:00+00:00,SHP-002,SUP-03,Online
OR-000107,CUST-12439,2021-12-02 12:37:00+00:00,2021-12-02 12:43:00+00:00,2021-12-02 13:00:00+00:00,2021-12-02 13:11:00+00:00,SHP-004,SUP-09,Retail PoS
OR-000108,CUST-03463,2024-06-14 06:24:00+00:00,2024-06-23 00:34:00+00:00,2024-07-04 07:22:00+00:00,2024-08-01 12:31:00+00:00,SHP-003,SUP-09,Online
OR-000109,CUST-04532,2024-05-13 17:46:00+00:00,2024-05-18 11:08:00+00:00,2024-05-19 21:00:00+00:00,2024-06-12 03:20:00+00:00,SHP-003,SUP-10,Online
OR-000110,CUST-00717,2017-04-03 20:09:00+00:00,2017-04-03 20:17:00+00:00,2017-04-03 20:29:00+00:00,2017-04-03 20:42:00+00:00,SHP-004,SUP-06,Retail PoS
OR-000111,CUST-13930,2024-04-21 14:10:00+00:00,2024-04-21 14:18:00+00:00,2024-04-21 14:36:00+00:00,2024-04-21 14:44:00+00:00,SHP-004,SUP-10,Retail PoS
OR-000112,CUST-14664,2024-04-16 07:55:00+00:00,2024-04-27 06:52:00+00:00,2024-05-13 08:19:00+00:00,2024-05-30 07:35:00+00:00,SHP-003,SUP-03,Online
OR-000113,CUST-06716,2022-12-30 13:00:00+00:00,2022-12-30 13:05:00+00:00,2022-12-30 13:28:00+00:00,2022-12-30 13:31:00+00:00,SHP-004,SUP-02,Retail PoS
OR-000114,CUST-05022,2024-01-22 10:10:00+00:00,2024-01-31 10:02:00+00:00,2024-02-07 11:42:00+00:00,2024-02-26 01:27:00+00:00,SHP-002,SUP-07,Online
OR-000115,CUST-19434,2024-05-19 19:26:00+00:00,2024-05-25 15:31:00+00:00,2024-06-05 20:21:00+00:00,2024-06-17 17:44:00+00:00,SHP-003,SUP-09,Online
OR-000116,CUST-09456,2022-03-03 10:18:00+00:00,2022-03-09 00:47:00+00:00,2022-03-21 09:12:00+00:00,2022-03-20 18:49:00+00:00,SHP-001,SUP-01,Online
OR-000117,CUST-17396,2024-06-04 02:02:00+00:00,2024-06-14 04:11:00+00:00,2024-07-03 20:48:00+00:00,2024-06-27 00:51:00+00:00,SHP-003,SUP-05,Online
OR-000118,CUST-07108,2019-12-17 20:18:00+00:00,2019-12-17 20:23:00+00:00,2019-12-17 20:42:00+00:00,2019-12-17 20:54:00+00:00,SHP-004,SUP-04,Retail PoS
OR-000119,CUST-07785,2024-01-22 11:29:00+00:00,2024-01-28 04:42:00+00:00,2024-02-05 01:11:00+00:00,2024-03-05 10:51:00+00:00,SHP-001,SUP-09,Online
OR-000120,CUST-19309,2011-03-14 05:10:00+00:00,2011-03-22 22:30:00+00:00,2011-03-27 00:47:00+00:00,2011-04-24 05:56:00+00:00,SHP-002,SUP-09,Online
OR-000121,CUST-05101,2017-01-04 14:23:00+00:00,2017-01-04 14:32:00+00:00,2017-01-04 14:47:00+00:00,2017-01-04 14:48:00+00:00,SHP-004,SUP-08,Retail PoS
OR-000122,CUST-09341,2022-03-15 18:36:00+00:00,2022-03-25 19:20:00+00:00,2022-04-02 20:42:00+00:00,2022-03-29 06:26:00+00:00,SHP-002,SUP-05,Online
OR-000123,CUST-06659,2021-10-09 08:07:00+00:00,2021-10-17 06:01:00+00:00,2021-10-22 03:49:00+00:00,2021-10-19 17:34:00+00:00,SHP-002,SUP-06,Online
OR-000124,CUST-06680,2024-06-13 16:27:00+00:00,2024-06-18 14:46:00+00:00,2024-06-19 06:54:00+00:00,2024-07-07 10:10:00+00:00,SHP-003,SUP-04,Online
OR-000125,CUST-04705,2014-01-14 11:07:00+00:00,2014-01-18 23:50:00+00:00,2014-01-23 10:26:00+00:00,2014-02-03 08:59:00+00:00,SHP-001,SUP-06,Online
OR-000126,CUST-15692,2022-06-30 06:06:00+00:00,2022-07-03 00:48:00+00:00,2022-07-04 20:25:00+00:00,2022-07-04 20:04:00+00:00,SHP-003,SUP-03,Online
OR-000127,CUST-00839,2021-04-21 14:27:00+00:00,2021-04-28 02:34:00+00:00,2021-04-30 02:22:00+00:00,2021-05-17 09:53:00+00:00,SHP-002,SUP-05,Online
OR-000128,CUST-09972,2024-02-08 02:02:00+00:00,2024-02-15 09:23:00+00:00,2024-02-22 16:22:00+00:00,2024-03-20 00:36:00+00:00,SHP-001,SUP-05,Online
OR-000129,CUST-14507,2023-06-23 10:21:00+00:00,2023-07-01 02:11:00+00:00,2023-07-11 09:43:00+00:00,2023-07-21 06:35:00+00:00,SHP-001,SUP-06,Online
OR-000130,CUST-11357,2008-11-21 18:14:00+00:00,2008-11-21 18:19:00+00:00,2008-11-21 18:39:00+00:00,2008-11-21 18:53:00+00:00,SHP-004,SUP-06,Retail PoS
OR-000131,CUST-00805,2011-08-10 07:59:00+00:00,2011-08-20 10:58:00+00:00,2011-08-25 08:00:00+00:00,2011-08-21 12:15:00+00:00,SHP-005,SUP-10,Retail PoS
OR-000132,CUST-08001,2021-05-25 04:17:00+00:00,2021-06-03 15:53:00+00:00,2021-06-22 04:34:00+00:00,2021-06-26 16:12:00+00:00,SHP-003,SUP-08,Online
OR-000133,CUST-06797,2014-11-11 01:13:00+00:00,2014-11-11 01:22:00+00:00,2014-11-11 01:34:00+00:00,2014-11-11 01:47:00+00:00,SHP-004,SUP-06,Retail PoS
OR-000134,CUST-01682,2024-06-14 17:19:00+00:00,2024-06-22 11:45:00+00:00,2024-06-23 23:06:00+00:00,2024-06-23 22:45:00+00:00,SHP-001,SUP-01,Online
OR-000135,CUST-07601,2019-02-11 13:24:00+00:00,2019-02-13 05:04:00+00:00,2019-03-05 20:33:00+00:00,2019-03-08 01:11:00+00:00,SHP-001,SUP-01,Online
OR-000136,CUST-01721,2019-10-31 16:25:00+00:00,2019-11-04 11:56:00+00:00,2019-11-18 05:43:00+00:00,2019-11-13 11:22:00+00:00,SHP-003,SUP-08,Online
OR-000137,CUST-10851,2024-05-09 23:21:00+00:00,2024-05-18 16:59:00+00:00,2024-05-21 09:19:00+00:00,2024-06-02 00:23:00+00:00,SHP-002,SUP-05,Online
OR-000138,CUST-11612,2024-03-10 19:45:00+00:00,2024-03-10 19:52:00+00:00,2024-03-10 20:11:00+00:00,2024-03-10 20:22:00+00:00,SHP-004,SUP-10,Retail PoS
OR-000139,CUST-10144,2011-09-12 03:26:00+00:00,2011-09-18 08:54:00+00:00,2011-09-24 23:05:00+00:00,2011-09-19 17:40:00+00:00,SHP-002,SUP-09,Online
OR-000140,CUST-13393,2022-03-23 11:55:00+00:00,2022-03-25 01:43:00+00:00,2022-04-01 03:44:00+00:00,2022-04-10 10:42:00+00:00,SHP-001,SUP-02,Online
OR-000141,CUST-05248,2017-10-05 14:52:00+00:00,2017-10-05 14:58:00+00:00,2017-10-05 15:13:00+00:00,2017-10-05 15:09:00+00:00,SHP-004,SUP-08,Retail PoS
OR-000142,CUST-07778,2002-03-19 10:24:00+00:00,2002-03-26 11:25:00+00:00,2002-04-12 01:53:00+00:00,2002-04-08 11:40:00+00:00,SHP-002,SUP-08,Online
OR-000143,CUST-17734,2001-10-28 08:02:00+00:00,2001-10-28 08:09:00+00:00,2001-10-28 08:25:00+00:00,2001-10-28 08:17:00+00:00,SHP-004,SUP-07,Retail PoS
OR-000144,CUST-16624,2003-05-27 01:08:00+00:00,2003-05-27 01:15:00+00:00,2003-05-27 01:35:00+00:00,2003-05-27 01:46:00+00:00,SHP-004,SUP-08,Retail PoS
OR-000145,CUST-09962,2023-08-14 23:48:00+00:00,2023-08-22 21:21:00+00:00,2023-09-09 14:08:00+00:00,2023-09-05 06:30:00+00:00,SHP-002,SUP-07,Online
OR-000146,CUST-06807,2024-04-15 03:45:00+00:00,2024-04-21 17:47:00+00:00,2024-04-23 14:29:00+00:00,2024-04-23 01:56:00+00:00,SHP-003,SUP-03,Online
OR-000147,CUST-10654,2024-01-23 01:23:00+00:00,2024-02-01 10:24:00+00:00,2024-02-05 09:01:00+00:00,2024-02-28 19:09:00+00:00,SHP-002,SUP-09,Online
OR-000148,CUST-04993,2004-11-12 22:38:00+00:00,2004-11-16 07:53:00+00:00,2004-11-17 09:15:00+00:00,2004-11-17 02:42:00+00:00,SHP-002,SUP-06,Online
OR-000149,CUST-01471,2022-03-20 00:44:00+00:00,2022-03-25 14:53:00+00:00,2022-03-30 02:11:00+00:00,2022-03-27 08:26:00+00:00,SHP-001,SUP-03,Online
OR-000150,CUST-09703,2018-10-15 18:58:00+00:00,2018-10-19 07:38:00+00:00,2018-10-28 20:50:00+00:00,2018-10-25 19:05:00+00:00,SHP-002,SUP-08,Online
OR-000151,CUST-13397,2023-01-19 22:29:00+00:00,2023-01-21 23:21:00+00:00,2023-01-28 01:20:00+00:00,2023-01-26 11:02:00+00:00,SHP-003,SUP-05,Online
OR-000152,CUST-03653,2024-05-30 23:11:00+00:00,2024-06-03 11:33:00+00:00,2024-06-04 01:11:00+00:00,2024-06-03 13:58:00+00:00,SHP-002,SUP-09,Online
OR-000153,CUST-03815,2005-11-11 12:34:00+00:00,2005-11-21 21:52:00+00:00,2005-11-26 09:56:00+00:00,2005-11-23 20:30:00+00:00,SHP-002,SUP-08,Online
OR-000154,CUST-10922,2021-05-27 16:03:00+00:00,2021-06-03 11:10:00+00:00,2021-06-17 04:26:00+00:00,2021-07-02 19:02:00+00:00,SHP-003,SUP-04,Online
OR-000155,CUST-01577,2016-09-18 13:58:00+00:00,2016-09-26 06:12:00+00:00,2016-10-13 21:42:00+00:00,2016-10-18 11:40:00+00:00,SHP-002,SUP-03,Online
OR-000156,CUST-06246,2021-06-05 15:28:00+00:00,2021-06-09 18:49:00+00:00,2021-06-20 17:40:00+00:00,2021-06-14 09:20:00+00:00,SHP-001,SUP-07,Online
OR-000157,CUST-14795,2020-08-09 01:42:00+00:00,2020-08-09 01:51:00+00:00,2020-08-09 02:03:00+00:00,2020-08-09 02:20:00+00:00,SHP-004,SUP-07,Retail PoS
OR-000158,CUST-02898,2022-12-20 10:24:00+00:00,2022-12-25 23:47:00+00:00,2022-12-31 07:27:00+00:00,2022-12-30 01:09:00+00:00,SHP-001,SUP-07,Online
OR-000159,CUST-01714,2017-09-14 06:22:00+00:00,2017-09-15 08:44:00+00:00,2017-09-25 16:56:00+00:00,2017-09-20 01:08:00+00:00,SHP-002,SUP-10,Online
OR-000160,CUST-17603,2023-01-31 18:03:00+00:00,2023-02-03 15:02:00+00:00,2023-02-18 16:56:00+00:00,2023-02-12 09:28:00+00:00,SHP-001,SUP-08,Online
OR-000161,CUST-15407,2019-01-23 08:46:00+00:00,2019-01-31 12:22:00+00:00,2019-02-10 10:27:00+00:00,2019-02-28 13:18:00+00:00,SHP-002,SUP-03,Online
OR-000162,CUST-15363,2023-04-25 20:46:00+00:00,2023-05-01 11:47:00+00:00,2023-05-17 21:11:00+00:00,2023-06-12 13:07:00+00:00,SHP-003,SUP-02,Online
OR-000163,CUST-08763,2023-10-10 13:33:00+00:00,2023-10-11 19:43:00+00:00,2023-10-31 20:58:00+00:00,2023-11-26 16:20:00+00:00,SHP-003,SUP-06,Online
OR-000164,CUST-17992,2024-06-01 14:54:00+00:00,2024-06-04 15:51:00+00:00,2024-06-22 17:44:00+00:00,2024-06-08 12:03:00+00:00,SHP-003,SUP-10,Online
OR-000165,CUST-10805,2016-01-08 20:11:00+00:00,2016-01-08 20:19:00+00:00,2016-01-08 20:33:00+00:00,2016-01-08 20:27:00+00:00,SHP-004,SUP-09,Retail PoS
OR-000166,CUST-06831,2024-06-03 04:25:00+00:00,2024-06-03 04:33:00+00:00,2024-06-03 04:48:00+00:00,2024-06-03 04:52:00+00:00,SHP-004,SUP-01,Retail PoS
OR-000167,CUST-03423,2022-04-24 14:19:00+00:00,2022-04-28 04:50:00+00:00,2022-04-29 02:22:00+00:00,2022-04-28 17:49:00+00:00,SHP-002,SUP-06,Online
OR-000168,CUST-13633,2012-10-09 08:27:00+00:00,2012-10-13 20:55:00+00:00,2012-10-26 07:23:00+00:00,2012-11-09 09:23:00+00:00,SHP-002,SUP-04,Online
OR-000169,CUST-02831,2022-11-22 11:15:00+00:00,2022-11-22 11:22:00+00:00,2022-11-22 11:37:00+00:00,2022-11-22 11:41:00+00:00,SHP-004,SUP-02,Retail PoS
OR-000170,CUST-07299,2024-02-09 18:23:00+00:00,2024-02-20 17:32:00+00:00,2024-03-05 18:36:00+00:00,2024-02-28 19:18:00+00:00,SHP-003,SUP-08,Online
OR-000171,CUST-06901,2018-03-11 03:50:00+00:00,2018-03-11 03:56:00+00:00,2018-03-11 04:11:00+00:00,2018-03-11 04:05:00+00:00,SHP-004,SUP-07,Retail PoS
OR-000172,CUST-16378,2018-04-20 02:47:00+00:00,2018-04-20 02:55:00+00:00,2018-04-20 03:16:00+00:00,2018-04-20 03:16:00+00:00,SHP-004,SUP-04,Retail PoS
OR-000173,CUST-08945,2022-05-22 12:27:00+00:00,2022-05-30 23:57:00+00:00,2022-06-03 11:38:00+00:00,2022-06-02 19:42:00+00:00,SHP-002,SUP-09,Online
OR-000174,CUST-07380,2019-06-07 16:44:00+00:00,2019-06-13 03:52:00+00:00,2019-06-13 17:13:00+00:00,2019-06-13 07:05:00+00:00,SHP-002,SUP-04,Online
OR-000175,CUST-08758,2023-01-31 03:19:00+00:00,2023-02-08 23:40:00+00:00,2023-02-27 23:04:00+00:00,2023-02-20 06:38:00+00:00,SHP-002,SUP-07,Online
OR-000176,CUST-08910,2023-07-15 10:04:00+00:00,2023-07-23 01:00:00+00:00,2023-08-08 20:44:00+00:00,2023-07-29 17:37:00+00:00,SHP-001,SUP-06,Online
OR-000177,CUST-18081,2015-03-19 01:24:00+00:00,2015-03-21 06:03:00+00:00,2015-04-04 12:00:00+00:00,2015-04-21 23:44:00+00:00,SHP-001,SUP-03,Online
OR-000178,CUST-13320,2023-11-02 05:05:00+00:00,2023-11-02 05:14:00+00:00,2023-11-02 05:30:00+00:00,2023-11-02 05:27:00+00:00,SHP-004,SUP-08,Retail PoS
OR-000179,CUST-09759,2022-11-13 10:40:00+00:00,2022-11-18 05:23:00+00:00,2022-12-08 07:36:00+00:00,2022-11-23 06:49:00+00:00,SHP-002,SUP-01,Online
OR-000180,CUST-10220,2016-07-28 22:13:00+00:00,2016-07-28 22:21:00+00:00,2016-07-28 22:43:00+00:00,2016-07-28 22:34:00+00:00,SHP-004,SUP-03,Retail PoS
OR-000181,CUST-15439,2021-10-11 10:45:00+00:00,2021-10-16 10:33:00+00:00,2021-10-25 16:53:00+00:00,2021-10-20 03:54:00+00:00,SHP-001,SUP-08,Online
OR-000182,CUST-12040,2005-12-24 04:36:00+00:00,2006-01-01 14:06:00+00:00,2006-01-07 12:47:00+00:00,2006-01-05 03:32:00+00:00,SHP-001,SUP-06,Online
OR-000183,CUST-04935,2012-02-07 16:02:00+00:00,2012-02-15 16:04:00+00:00,2012-02-29 11:32:00+00:00,2012-03-08 19:22:00+00:00,SHP-003,SUP-06,Online
OR-000184,CUST-14420,2023-12-03 01:58:00+00:00,2023-12-03 02:06:00+00:00,2023-12-03 02:25:00+00:00,2023-12-03 02:26:00+00:00,SHP-004,SUP-10,Retail PoS
OR-000185,CUST-09644,2024-05-19 10:10:00+00:00,2024-05-19 10:18:00+00:00,2024-05-19 10:30:00+00:00,2024-05-19 10:37:00+00:00,SHP-004,SUP-07,Retail PoS
OR-000186,CUST-10393,2020-10-26 10:15:00+00:00,2020-11-02 02:03:00+00:00,2020-11-03 13:59:00+00:00,2020-11-03 11:20:00+00:00,SHP-001,SUP-02,Online
OR-000187,CUST-16595,2024-05-18 19:49:00+00:00,2024-05-18 19:56:00+00:00,2024-05-18 20:18:00+00:00,2024-05-18 20:10:00+00:00,SHP-004,SUP-09,Retail PoS
OR-000188,CUST-03836,2022-07-15 04:40:00+00:00,2022-07-18 17:57:00+00:00,2022-07-21 22:23:00+00:00,2022-07-21 16:14:00+00:00,SHP-001,SUP-02,Online
OR-000189,CUST-10589,2024-05-14 04:25:00+00:00,2024-05-14 04:34:00+00:00,2024-05-14 04:54:00+00:00,2024-05-14 04:56:00+00:00,SHP-004,SUP-09,Retail PoS
OR-000190,CUST-15553,2024-01-08 05:33:00+00:00,2024-01-08 05:40:00+00:00,2024-01-08 05:56:00+00:00,2024-01-08 05:56:00+00:00,SHP-004,SUP-07,Retail PoS
OR-000191,CUST-07980,2023-12-08 13:55:00+00:00,2023-12-08 14:05:00+00:00,2023-12-08 14:19:00+00:00,2023-12-08 14:29:00+00:00,SHP-004,SUP-10,Retail PoS
OR-000192,CUST-06673,2022-08-22 03:30:00+00:00,2022-08-22 03:38:00+00:00,2022-08-22 03:51:00+00:00,2022-08-22 04:09:00+00:00,SHP-004,SUP-10,Retail PoS
OR-000193,CUST-12141,2024-04-06 19:17:00+00:00,2024-04-06 19:23:00+00:00,2024-04-06 19:39:00+00:00,2024-04-06 19:57:00+00:00,SHP-004,SUP-10,Retail PoS
OR-000194,CUST-19410,2024-06-12 10:06:00+00:00,2024-06-14 21:47:00+00:00,2024-07-01 23:35:00+00:00,2024-06-28 08:59:00+00:00,SHP-002,SUP-07,Online
OR-000195,CUST-17896,2017-10-28 06:26:00+00:00,2017-10-28 06:33:00+00:00,2017-10-28 06:52:00+00:00,2017-10-28 06:47:00+00:00,SHP-004,SUP-01,Retail PoS
OR-000196,CUST-14288,2022-07-06 13:54:00+00:00,2022-07-14 02:27:00+00:00,2022-07-28 07:31:00+00:00,2022-08-08 16:22:00+00:00,SHP-003,SUP-08,Online
OR-000197,CUST-13062,2020-10-29 06:45:00+00:00,2020-11-04 19:11:00+00:00,2020-11-09 18:28:00+00:00,2020-12-10 16:13:00+00:00,SHP-002,SUP-07,Online
OR-000198,CUST-03561,2020-07-24 20:00:00+00:00,2020-07-29 03:37:00+00:00,2020-08-07 14:50:00+00:00,2020-07-31 15:18:00+00:00,SHP-003,SUP-06,Online
OR-000199,CUST-16238,2023-05-22 00:59:00+00:00,2023-05-22 01:07:00+00:00,2023-05-22 01:23:00+00:00,2023-05-22 01:24:00+00:00,SHP-004,SUP-08,Retail PoS
OR-000200,CUST-07846,2023-05-13 20:38:00+00:00,2023-05-18 08:46:00+00:00,2023-05-22 19:25:00+00:00,2023-06-08 19:02:00+00:00,SHP-003,SUP-07,Online
